{
	"start":	{
		"connected":	[{
				"socket":	5,
				"local_host":	"192.168.1.8",
				"local_port":	65036,
				"remote_host":	"192.168.1.19",
				"remote_port":	5201
			}],
		"version":	"iperf 3.16+",
		"system_info":	"CYGWIN_NT-10.0-22631 DESKTOP-60OKSFH 3.5.3-1.x86_64 2024-04-03 17:25 UTC x86_64",
		"timestamp":	{
			"time":	"Sun, 13 Oct 2024 15:37:14 GMT",
			"timesecs":	1728833834
		},
		"connecting_to":	{
			"host":	"192.168.1.19",
			"port":	5201
		},
		"cookie":	"747z5nqz5l3ejarkapo66qrnewyiaft4orgd",
		"tcp_mss_default":	1460,
		"target_bitrate":	0,
		"fq_rate":	0,
		"sock_bufsize":	0,
		"sndbuf_actual":	65536,
		"rcvbuf_actual":	65536,
		"test_start":	{
			"protocol":	"TCP",
			"num_streams":	1,
			"blksize":	131072,
			"omit":	0,
			"duration":	10,
			"bytes":	0,
			"blocks":	0,
			"reverse":	0,
			"tos":	0,
			"target_bitrate":	0,
			"bidir":	0,
			"fqrate":	0,
			"interval":	1
		}
	},
	"intervals":	[{
			"streams":	[{
					"socket":	5,
					"start":	0,
					"end":	1.000248,
					"seconds":	1.0002479553222656,
					"bytes":	64356352,
					"bits_per_second":	514723187.64612961,
					"omitted":	false,
					"sender":	true
				}],
			"sum":	{
				"start":	0,
				"end":	1.000248,
				"seconds":	1.0002479553222656,
				"bytes":	64356352,
				"bits_per_second":	514723187.64612961,
				"omitted":	false,
				"sender":	true
			}
		}, {
			"streams":	[{
					"socket":	5,
					"start":	1.000248,
					"end":	2.009349,
					"seconds":	1.0091010332107544,
					"bytes":	70909952,
					"bits_per_second":	562163348.69367,
					"omitted":	false,
					"sender":	true
				}],
			"sum":	{
				"start":	1.000248,
				"end":	2.009349,
				"seconds":	1.0091010332107544,
				"bytes":	70909952,
				"bits_per_second":	562163348.69367,
				"omitted":	false,
				"sender":	true
			}
		}, {
			"streams":	[{
					"socket":	5,
					"start":	2.009349,
					"end":	3.001562,
					"seconds":	0.992213010787964,
					"bytes":	69599232,
					"bits_per_second":	561163631.141889,
					"omitted":	false,
					"sender":	true
				}],
			"sum":	{
				"start":	2.009349,
				"end":	3.001562,
				"seconds":	0.992213010787964,
				"bytes":	69599232,
				"bits_per_second":	561163631.141889,
				"omitted":	false,
				"sender":	true
			}
		}, {
			"streams":	[{
					"socket":	5,
					"start":	3.001562,
					"end":	4.015028,
					"seconds":	1.0134660005569458,
					"bytes":	68026368,
					"bits_per_second":	536979971.40597832,
					"omitted":	false,
					"sender":	true
				}],
			"sum":	{
				"start":	3.001562,
				"end":	4.015028,
				"seconds":	1.0134660005569458,
				"bytes":	68026368,
				"bits_per_second":	536979971.40597832,
				"omitted":	false,
				"sender":	true
			}
		}, {
			"streams":	[{
					"socket":	5,
					"start":	4.015028,
					"end":	5.015306,
					"seconds":	1.0002779960632324,
					"bytes":	66191360,
					"bits_per_second":	529383713.4117322,
					"omitted":	false,
					"sender":	true
				}],
			"sum":	{
				"start":	4.015028,
				"end":	5.015306,
				"seconds":	1.0002779960632324,
				"bytes":	66191360,
				"bits_per_second":	529383713.4117322,
				"omitted":	false,
				"sender":	true
			}
		}, {
			"streams":	[{
					"socket":	5,
					"start":	5.015306,
					"end":	6.009749,
					"seconds":	0.99444299936294556,
					"bytes":	66453504,
					"bits_per_second":	534598797.86027813,
					"omitted":	false,
					"sender":	true
				}],
			"sum":	{
				"start":	5.015306,
				"end":	6.009749,
				"seconds":	0.99444299936294556,
				"bytes":	66453504,
				"bits_per_second":	534598797.86027813,
				"omitted":	false,
				"sender":	true
			}
		}, {
			"streams":	[{
					"socket":	5,
					"start":	6.009749,
					"end":	7.000604,
					"seconds":	0.99085497856140137,
					"bytes":	69992448,
					"bits_per_second":	565107504.2414006,
					"omitted":	false,
					"sender":	true
				}],
			"sum":	{
				"start":	6.009749,
				"end":	7.000604,
				"seconds":	0.99085497856140137,
				"bytes":	69992448,
				"bits_per_second":	565107504.2414006,
				"omitted":	false,
				"sender":	true
			}
		}, {
			"streams":	[{
					"socket":	5,
					"start":	7.000604,
					"end":	8.007652,
					"seconds":	1.0070480108261108,
					"bytes":	63700992,
					"bits_per_second":	506041351.07913452,
					"omitted":	false,
					"sender":	true
				}],
			"sum":	{
				"start":	7.000604,
				"end":	8.007652,
				"seconds":	1.0070480108261108,
				"bytes":	63700992,
				"bits_per_second":	506041351.07913452,
				"omitted":	false,
				"sender":	true
			}
		}, {
			"streams":	[{
					"socket":	5,
					"start":	8.007652,
					"end":	9.012967,
					"seconds":	1.0053149461746216,
					"bytes":	57016320,
					"bits_per_second":	453719067.57742649,
					"omitted":	false,
					"sender":	true
				}],
			"sum":	{
				"start":	8.007652,
				"end":	9.012967,
				"seconds":	1.0053149461746216,
				"bytes":	57016320,
				"bits_per_second":	453719067.57742649,
				"omitted":	false,
				"sender":	true
			}
		}, {
			"streams":	[{
					"socket":	5,
					"start":	9.012967,
					"end":	10.005255,
					"seconds":	0.99228799343109131,
					"bytes":	67764224,
					"bits_per_second":	546327069.9522444,
					"omitted":	false,
					"sender":	true
				}],
			"sum":	{
				"start":	9.012967,
				"end":	10.005255,
				"seconds":	0.99228799343109131,
				"bytes":	67764224,
				"bits_per_second":	546327069.9522444,
				"omitted":	false,
				"sender":	true
			}
		}],
	"end":	{
		"streams":	[{
				"sender":	{
					"socket":	5,
					"start":	0,
					"end":	10.005255,
					"seconds":	10.005255,
					"bytes":	664010752,
					"bits_per_second":	530929598.09620047,
					"sender":	true
				},
				"receiver":	{
					"socket":	5,
					"start":	0,
					"end":	10.005255,
					"seconds":	10.005255,
					"bytes":	664010752,
					"bits_per_second":	530929598.09620047,
					"sender":	true
				}
			}],
		"sum_sent":	{
			"start":	0,
			"end":	10.005255,
			"seconds":	10.005255,
			"bytes":	664010752,
			"bits_per_second":	530929598.09620047,
			"sender":	true
		},
		"sum_received":	{
			"start":	0,
			"end":	10.005255,
			"seconds":	10.005255,
			"bytes":	664010752,
			"bits_per_second":	530929598.09620047,
			"sender":	true
		},
		"cpu_utilization_percent":	{
			"host_total":	0.14909426723596822,
			"host_user":	0,
			"host_system":	0.14909426723596822,
			"remote_total":	12.3261,
			"remote_user":	0.811877,
			"remote_system":	11.5142
		}
	}
}
