{
	"start":	{
		"connected":	[{
				"socket":	5,
				"local_host":	"192.168.1.8",
				"local_port":	64945,
				"remote_host":	"192.168.1.19",
				"remote_port":	5201
			}],
		"version":	"iperf 3.16+",
		"system_info":	"CYGWIN_NT-10.0-22631 DESKTOP-60OKSFH 3.5.3-1.x86_64 2024-04-03 17:25 UTC x86_64",
		"timestamp":	{
			"time":	"Sun, 13 Oct 2024 15:37:03 GMT",
			"timesecs":	1728833823
		},
		"connecting_to":	{
			"host":	"192.168.1.19",
			"port":	5201
		},
		"cookie":	"fbtrldwcyfoch74mncgda732manbbi552pyn",
		"tcp_mss_default":	1460,
		"target_bitrate":	0,
		"fq_rate":	0,
		"sock_bufsize":	0,
		"sndbuf_actual":	65536,
		"rcvbuf_actual":	65536,
		"test_start":	{
			"protocol":	"TCP",
			"num_streams":	1,
			"blksize":	131072,
			"omit":	0,
			"duration":	10,
			"bytes":	0,
			"blocks":	0,
			"reverse":	0,
			"tos":	0,
			"target_bitrate":	0,
			"bidir":	0,
			"fqrate":	0,
			"interval":	1
		}
	},
	"intervals":	[{
			"streams":	[{
					"socket":	5,
					"start":	0,
					"end":	1.000621,
					"seconds":	1.00062096118927,
					"bytes":	57016320,
					"bits_per_second":	455847496.39651185,
					"omitted":	false,
					"sender":	true
				}],
			"sum":	{
				"start":	0,
				"end":	1.000621,
				"seconds":	1.00062096118927,
				"bytes":	57016320,
				"bits_per_second":	455847496.39651185,
				"omitted":	false,
				"sender":	true
			}
		}, {
			"streams":	[{
					"socket":	5,
					"start":	1.000621,
					"end":	2.007705,
					"seconds":	1.0070840120315552,
					"bytes":	73007104,
					"bits_per_second":	579948470.06041,
					"omitted":	false,
					"sender":	true
				}],
			"sum":	{
				"start":	1.000621,
				"end":	2.007705,
				"seconds":	1.0070840120315552,
				"bytes":	73007104,
				"bits_per_second":	579948470.06041,
				"omitted":	false,
				"sender":	true
			}
		}, {
			"streams":	[{
					"socket":	5,
					"start":	2.007705,
					"end":	3.001016,
					"seconds":	0.99331098794937134,
					"bytes":	69599232,
					"bits_per_second":	560543337.137009,
					"omitted":	false,
					"sender":	true
				}],
			"sum":	{
				"start":	2.007705,
				"end":	3.001016,
				"seconds":	0.99331098794937134,
				"bytes":	69599232,
				"bits_per_second":	560543337.137009,
				"omitted":	false,
				"sender":	true
			}
		}, {
			"streams":	[{
					"socket":	5,
					"start":	3.001016,
					"end":	4.00339,
					"seconds":	1.0023740530014038,
					"bytes":	70385664,
					"bits_per_second":	561751683.729199,
					"omitted":	false,
					"sender":	true
				}],
			"sum":	{
				"start":	3.001016,
				"end":	4.00339,
				"seconds":	1.0023740530014038,
				"bytes":	70385664,
				"bits_per_second":	561751683.729199,
				"omitted":	false,
				"sender":	true
			}
		}, {
			"streams":	[{
					"socket":	5,
					"start":	4.00339,
					"end":	5.004678,
					"seconds":	1.0012880563735962,
					"bytes":	69074944,
					"bits_per_second":	551888688.2575742,
					"omitted":	false,
					"sender":	true
				}],
			"sum":	{
				"start":	4.00339,
				"end":	5.004678,
				"seconds":	1.0012880563735962,
				"bytes":	69074944,
				"bits_per_second":	551888688.2575742,
				"omitted":	false,
				"sender":	true
			}
		}, {
			"streams":	[{
					"socket":	5,
					"start":	5.004678,
					"end":	6.005206,
					"seconds":	1.0005279779434204,
					"bytes":	70385664,
					"bits_per_second":	562788172.25822973,
					"omitted":	false,
					"sender":	true
				}],
			"sum":	{
				"start":	5.004678,
				"end":	6.005206,
				"seconds":	1.0005279779434204,
				"bytes":	70385664,
				"bits_per_second":	562788172.25822973,
				"omitted":	false,
				"sender":	true
			}
		}, {
			"streams":	[{
					"socket":	5,
					"start":	6.005206,
					"end":	7.007687,
					"seconds":	1.0024809837341309,
					"bytes":	70516736,
					"bits_per_second":	562737744.80854845,
					"omitted":	false,
					"sender":	true
				}],
			"sum":	{
				"start":	6.005206,
				"end":	7.007687,
				"seconds":	1.0024809837341309,
				"bytes":	70516736,
				"bits_per_second":	562737744.80854845,
				"omitted":	false,
				"sender":	true
			}
		}, {
			"streams":	[{
					"socket":	5,
					"start":	7.007687,
					"end":	8.013008,
					"seconds":	1.0053210258483887,
					"bytes":	63832064,
					"bits_per_second":	507953677.35302049,
					"omitted":	false,
					"sender":	true
				}],
			"sum":	{
				"start":	7.007687,
				"end":	8.013008,
				"seconds":	1.0053210258483887,
				"bytes":	63832064,
				"bits_per_second":	507953677.35302049,
				"omitted":	false,
				"sender":	true
			}
		}, {
			"streams":	[{
					"socket":	5,
					"start":	8.013008,
					"end":	9.014371,
					"seconds":	1.0013630390167236,
					"bytes":	62914560,
					"bits_per_second":	502631373.82644516,
					"omitted":	false,
					"sender":	true
				}],
			"sum":	{
				"start":	8.013008,
				"end":	9.014371,
				"seconds":	1.0013630390167236,
				"bytes":	62914560,
				"bits_per_second":	502631373.82644516,
				"omitted":	false,
				"sender":	true
			}
		}, {
			"streams":	[{
					"socket":	5,
					"start":	9.014371,
					"end":	10.005708,
					"seconds":	0.9913370013237,
					"bytes":	61603840,
					"bits_per_second":	497137420.81848979,
					"omitted":	false,
					"sender":	true
				}],
			"sum":	{
				"start":	9.014371,
				"end":	10.005708,
				"seconds":	0.9913370013237,
				"bytes":	61603840,
				"bits_per_second":	497137420.81848979,
				"omitted":	false,
				"sender":	true
			}
		}],
	"end":	{
		"streams":	[{
				"sender":	{
					"socket":	5,
					"start":	0,
					"end":	10.005708,
					"seconds":	10.005708,
					"bytes":	668336128,
					"bits_per_second":	534363887.493019,
					"sender":	true
				},
				"receiver":	{
					"socket":	5,
					"start":	0,
					"end":	10.005708,
					"seconds":	10.005708,
					"bytes":	668205056,
					"bits_per_second":	534259089.71159261,
					"sender":	true
				}
			}],
		"sum_sent":	{
			"start":	0,
			"end":	10.005708,
			"seconds":	10.005708,
			"bytes":	668336128,
			"bits_per_second":	534363887.493019,
			"sender":	true
		},
		"sum_received":	{
			"start":	0,
			"end":	10.005708,
			"seconds":	10.005708,
			"bytes":	668205056,
			"bits_per_second":	534259089.71159261,
			"sender":	true
		},
		"cpu_utilization_percent":	{
			"host_total":	0.456771538764016,
			"host_user":	0,
			"host_system":	0.456771538764016,
			"remote_total":	0.577492,
			"remote_user":	0.0236544,
			"remote_system":	0.553838
		}
	}
}
