{
    "measurement_id": 27,
    "start_timestamp": 1729629860,
    "source_ip": "192.168.1.8",
    "source_port": 17088,
    "destination_ip": "192.168.1.8",
    "destination_port": 5201,
    "bytes_received": 14121435136,
    "duration": 10.015402,
    "avg_speed": 11279774999.346008
}