{
    "measurement_id": 13,
    "start_timestamp": 1729854689,
    "source_ip": "192.168.1.8",
    "source_port": 55247,
    "destination_ip": "192.168.1.8",
    "destination_port": 5201,
    "bytes_received": 1375395,
    "duration": 10.004033,
    "avg_speed": 1099872.4214524282
}