{
    "measurement_id": 6,
    "start_timestamp": 1729851835,
    "source_ip": "192.168.1.8",
    "source_port": 54403,
    "destination_ip": "192.168.1.8",
    "destination_port": 5201,
    "bytes_received": 1375395,
    "duration": 10.013144,
    "avg_speed": 1098871.6431122932
}