{
    "measurement_id": 11,
    "start_timestamp": 1729853951,
    "source_ip": "192.168.1.8",
    "source_port": 54395,
    "destination_ip": "192.168.1.8",
    "destination_port": 5201,
    "bytes_received": 1375395,
    "duration": 10.000822,
    "avg_speed": 1100225.5614588482
}