{
    "measurement_id": 29,
    "start_timestamp": 1729630419,
    "source_ip": "192.168.1.8",
    "source_port": 21720,
    "destination_ip": "192.168.1.8",
    "destination_port": 5201,
    "bytes_received": 14706933760,
    "duration": 10.002237,
    "avg_speed": 11762915643.770489
}