{
    "measurement_id": 7,
    "start_timestamp": 1729851851,
    "source_ip": "192.168.1.8",
    "source_port": 63717,
    "destination_ip": "192.168.1.8",
    "destination_port": 5201,
    "bytes_received": 1375395,
    "duration": 10.029041,
    "avg_speed": 1097129.8252744207
}