{"measurement_id": 25, "start_timestamp": 1729629519, "source_ip": "192.168.1.8", "source_port": 14280, "destination_ip": "192.168.1.8", "destination_port": 5201, "bytes_received": 15361638400, "duration": 10.013814, "avg_speed": 12272357685.093811}