{
    "measurement_id": 9,
    "start_timestamp": 1729853808,
    "source_ip": "192.168.1.8",
    "source_port": 59883,
    "destination_ip": "192.168.1.8",
    "destination_port": 5201,
    "bytes_received": 1375395,
    "duration": 10.015396,
    "avg_speed": 1098624.5576310712
}