{
    "measurement_id": 26,
    "start_timestamp": 1729629562,
    "source_ip": "192.168.1.8",
    "source_port": 14639,
    "destination_ip": "192.168.1.8",
    "destination_port": 5201,
    "bytes_received": 11710365696,
    "duration": 10.013689,
    "avg_speed": 9355485832.24424
}