{
    "measurement_id": 3,
    "start_timestamp": 1729851578,
    "source_ip": "192.168.1.8",
    "source_port": 53295,
    "destination_ip": "192.168.1.8",
    "destination_port": 5201,
    "bytes_received": 1309900,
    "duration": 10.007323,
    "avg_speed": 1047153.169733804
}