{
    "measurement_id": 2,
    "start_timestamp": 1729851022,
    "source_ip": "192.168.1.8",
    "source_port": 58045,
    "destination_ip": "192.168.1.8",
    "destination_port": 5201,
    "bytes_received": 1375395,
    "duration": 10.013628,
    "avg_speed": 1098818.53010717
}