{
    "measurement_id": 4,
    "start_timestamp": 1729851735,
    "source_ip": "192.168.1.8",
    "source_port": 51832,
    "destination_ip": "192.168.1.8",
    "destination_port": 5201,
    "bytes_received": 1309900,
    "duration": 10.005808,
    "avg_speed": 1047311.7213522387
}