{
    "measurement_id": 14,
    "start_timestamp": 1729854768,
    "source_ip": "192.168.1.8",
    "source_port": 55062,
    "destination_ip": "192.168.1.8",
    "destination_port": 5201,
    "bytes_received": 1375395,
    "duration": 10.013041,
    "avg_speed": 1098882.9467491445
}