{
	"start":	{
		"connected":	[{
				"socket":	5,
				"local_host":	"192.168.1.8",
				"local_port":	18658,
				"remote_host":	"192.168.1.8",
				"remote_port":	5201
			}],
		"version":	"iperf 3.16+",
		"system_info":	"CYGWIN_NT-10.0-22631 DESKTOP-60OKSFH 3.5.3-1.x86_64 2024-04-03 17:25 UTC x86_64",
		"timestamp":	{
			"time":	"Fri, 18 Oct 2024 08:06:07 GMT",
			"timesecs":	1729238767
		},
		"connecting_to":	{
			"host":	"192.168.1.8",
			"port":	5201
		},
		"cookie":	"o4nidr6vjee22wju4jdnpbdtmw5jrm43s22a",
		"tcp_mss_default":	65495,
		"target_bitrate":	0,
		"fq_rate":	0,
		"sock_bufsize":	0,
		"sndbuf_actual":	65536,
		"rcvbuf_actual":	65536,
		"test_start":	{
			"protocol":	"TCP",
			"num_streams":	1,
			"blksize":	131072,
			"omit":	0,
			"duration":	10,
			"bytes":	0,
			"blocks":	0,
			"reverse":	0,
			"tos":	0,
			"target_bitrate":	0,
			"bidir":	0,
			"fqrate":	0,
			"interval":	1
		}
	},
	"intervals":	[{
			"streams":	[{
					"socket":	5,
					"start":	0,
					"end":	1.005392,
					"seconds":	1.0053919553756714,
					"bytes":	1856372736,
					"bits_per_second":	14771335506.111975,
					"omitted":	false,
					"sender":	true
				}],
			"sum":	{
				"start":	0,
				"end":	1.005392,
				"seconds":	1.0053919553756714,
				"bytes":	1856372736,
				"bits_per_second":	14771335506.111975,
				"omitted":	false,
				"sender":	true
			}
		}, {
			"streams":	[{
					"socket":	5,
					"start":	1.005392,
					"end":	2.012261,
					"seconds":	1.0068689584732056,
					"bytes":	1795162112,
					"bits_per_second":	14263322724.515375,
					"omitted":	false,
					"sender":	true
				}],
			"sum":	{
				"start":	1.005392,
				"end":	2.012261,
				"seconds":	1.0068689584732056,
				"bytes":	1795162112,
				"bits_per_second":	14263322724.515375,
				"omitted":	false,
				"sender":	true
			}
		}, {
			"streams":	[{
					"socket":	5,
					"start":	2.012261,
					"end":	3.01065,
					"seconds":	0.99838900566101074,
					"bytes":	1702887424,
					"bits_per_second":	13645081541.117788,
					"omitted":	false,
					"sender":	true
				}],
			"sum":	{
				"start":	2.012261,
				"end":	3.01065,
				"seconds":	0.99838900566101074,
				"bytes":	1702887424,
				"bits_per_second":	13645081541.117788,
				"omitted":	false,
				"sender":	true
			}
		}, {
			"streams":	[{
					"socket":	5,
					"start":	3.01065,
					"end":	4.002249,
					"seconds":	0.99159902334213257,
					"bytes":	1629487104,
					"bits_per_second":	13146338918.389807,
					"omitted":	false,
					"sender":	true
				}],
			"sum":	{
				"start":	3.01065,
				"end":	4.002249,
				"seconds":	0.99159902334213257,
				"bytes":	1629487104,
				"bits_per_second":	13146338918.389807,
				"omitted":	false,
				"sender":	true
			}
		}, {
			"streams":	[{
					"socket":	5,
					"start":	4.002249,
					"end":	5.015241,
					"seconds":	1.0129920244216919,
					"bytes":	1608515584,
					"bits_per_second":	12703085870.144238,
					"omitted":	false,
					"sender":	true
				}],
			"sum":	{
				"start":	4.002249,
				"end":	5.015241,
				"seconds":	1.0129920244216919,
				"bytes":	1608515584,
				"bits_per_second":	12703085870.144238,
				"omitted":	false,
				"sender":	true
			}
		}, {
			"streams":	[{
					"socket":	5,
					"start":	5.015241,
					"end":	6.001283,
					"seconds":	0.986042022705078,
					"bytes":	1766195200,
					"bits_per_second":	14329573461.014759,
					"omitted":	false,
					"sender":	true
				}],
			"sum":	{
				"start":	5.015241,
				"end":	6.001283,
				"seconds":	0.986042022705078,
				"bytes":	1766195200,
				"bits_per_second":	14329573461.014759,
				"omitted":	false,
				"sender":	true
			}
		}, {
			"streams":	[{
					"socket":	5,
					"start":	6.001283,
					"end":	7.008937,
					"seconds":	1.0076539516448975,
					"bytes":	1826619392,
					"bits_per_second":	14501957851.845633,
					"omitted":	false,
					"sender":	true
				}],
			"sum":	{
				"start":	6.001283,
				"end":	7.008937,
				"seconds":	1.0076539516448975,
				"bytes":	1826619392,
				"bits_per_second":	14501957851.845633,
				"omitted":	false,
				"sender":	true
			}
		}, {
			"streams":	[{
					"socket":	5,
					"start":	7.008937,
					"end":	8.006235,
					"seconds":	0.997298002243042,
					"bytes":	1788346368,
					"bits_per_second":	14345532540.747467,
					"omitted":	false,
					"sender":	true
				}],
			"sum":	{
				"start":	7.008937,
				"end":	8.006235,
				"seconds":	0.997298002243042,
				"bytes":	1788346368,
				"bits_per_second":	14345532540.747467,
				"omitted":	false,
				"sender":	true
			}
		}, {
			"streams":	[{
					"socket":	5,
					"start":	8.006235,
					"end":	9.005578,
					"seconds":	0.999342978000641,
					"bytes":	1623326720,
					"bits_per_second":	12995151860.657465,
					"omitted":	false,
					"sender":	true
				}],
			"sum":	{
				"start":	8.006235,
				"end":	9.005578,
				"seconds":	0.999342978000641,
				"bytes":	1623326720,
				"bits_per_second":	12995151860.657465,
				"omitted":	false,
				"sender":	true
			}
		}, {
			"streams":	[{
					"socket":	5,
					"start":	9.005578,
					"end":	10.004144,
					"seconds":	0.998565971851349,
					"bytes":	1759379456,
					"bits_per_second":	14095248631.29952,
					"omitted":	false,
					"sender":	true
				}],
			"sum":	{
				"start":	9.005578,
				"end":	10.004144,
				"seconds":	0.998565971851349,
				"bytes":	1759379456,
				"bits_per_second":	14095248631.29952,
				"omitted":	false,
				"sender":	true
			}
		}],
	"end":	{
		"streams":	[{
				"sender":	{
					"socket":	5,
					"start":	0,
					"end":	10.004144,
					"seconds":	10.004144,
					"bytes":	17356292096,
					"bits_per_second":	13879282102.296808,
					"sender":	true
				},
				"receiver":	{
					"socket":	5,
					"start":	0,
					"end":	10.004817,
					"seconds":	10.004144,
					"bytes":	17349869568,
					"bits_per_second":	13873212927.732712,
					"sender":	true
				}
			}],
		"sum_sent":	{
			"start":	0,
			"end":	10.004144,
			"seconds":	10.004144,
			"bytes":	17356292096,
			"bits_per_second":	13879282102.296808,
			"sender":	true
		},
		"sum_received":	{
			"start":	0,
			"end":	10.004817,
			"seconds":	10.004817,
			"bytes":	17349869568,
			"bits_per_second":	13873212927.732712,
			"sender":	true
		},
		"cpu_utilization_percent":	{
			"host_total":	0.779360846170056,
			"host_user":	0,
			"host_system":	0.779360846170056,
			"remote_total":	3.7381682975342083,
			"remote_user":	0.14992653599736128,
			"remote_system":	3.5882417615368469
		}
	}
}
