{
	"start":	{
		"connected":	[{
				"socket":	5,
				"local_host":	"192.168.1.8",
				"local_port":	62059,
				"remote_host":	"192.168.1.8",
				"remote_port":	5201
			}],
		"version":	"iperf 3.16+",
		"system_info":	"CYGWIN_NT-10.0-22631 DESKTOP-60OKSFH 3.5.3-1.x86_64 2024-04-03 17:25 UTC x86_64",
		"timestamp":	{
			"time":	"Fri, 18 Oct 2024 07:23:50 GMT",
			"timesecs":	1729236230
		},
		"connecting_to":	{
			"host":	"192.168.1.8",
			"port":	5201
		},
		"cookie":	"krrfa4p2zm6uzde7qs6blyixkm5yklhey5ps",
		"tcp_mss_default":	65495,
		"target_bitrate":	0,
		"fq_rate":	0,
		"sock_bufsize":	0,
		"sndbuf_actual":	65536,
		"rcvbuf_actual":	65536,
		"test_start":	{
			"protocol":	"TCP",
			"num_streams":	1,
			"blksize":	131072,
			"omit":	0,
			"duration":	10,
			"bytes":	0,
			"blocks":	0,
			"reverse":	0,
			"tos":	0,
			"target_bitrate":	0,
			"bidir":	0,
			"fqrate":	0,
			"interval":	1
		}
	},
	"intervals":	[{
			"streams":	[{
					"socket":	5,
					"start":	0,
					"end":	1.008694,
					"seconds":	1.008694052696228,
					"bytes":	1485963264,
					"bits_per_second":	11785244574.63023,
					"omitted":	false,
					"sender":	true
				}],
			"sum":	{
				"start":	0,
				"end":	1.008694,
				"seconds":	1.008694052696228,
				"bytes":	1485963264,
				"bits_per_second":	11785244574.63023,
				"omitted":	false,
				"sender":	true
			}
		}, {
			"streams":	[{
					"socket":	5,
					"start":	1.008694,
					"end":	2.013527,
					"seconds":	1.0048329830169678,
					"bytes":	1505755136,
					"bits_per_second":	11988102790.80637,
					"omitted":	false,
					"sender":	true
				}],
			"sum":	{
				"start":	1.008694,
				"end":	2.013527,
				"seconds":	1.0048329830169678,
				"bytes":	1505755136,
				"bits_per_second":	11988102790.80637,
				"omitted":	false,
				"sender":	true
			}
		}, {
			"streams":	[{
					"socket":	5,
					"start":	2.013527,
					"end":	3.007575,
					"seconds":	0.994047999382019,
					"bytes":	1621884928,
					"bits_per_second":	13052769516.226946,
					"omitted":	false,
					"sender":	true
				}],
			"sum":	{
				"start":	2.013527,
				"end":	3.007575,
				"seconds":	0.994047999382019,
				"bytes":	1621884928,
				"bits_per_second":	13052769516.226946,
				"omitted":	false,
				"sender":	true
			}
		}, {
			"streams":	[{
					"socket":	5,
					"start":	3.007575,
					"end":	4.003806,
					"seconds":	0.99623101949691772,
					"bytes":	1509163008,
					"bits_per_second":	12118980264.333511,
					"omitted":	false,
					"sender":	true
				}],
			"sum":	{
				"start":	3.007575,
				"end":	4.003806,
				"seconds":	0.99623101949691772,
				"bytes":	1509163008,
				"bits_per_second":	12118980264.333511,
				"omitted":	false,
				"sender":	true
			}
		}, {
			"streams":	[{
					"socket":	5,
					"start":	4.003806,
					"end":	5.001519,
					"seconds":	0.997713029384613,
					"bytes":	1540096000,
					"bits_per_second":	12349009822.593395,
					"omitted":	false,
					"sender":	true
				}],
			"sum":	{
				"start":	4.003806,
				"end":	5.001519,
				"seconds":	0.997713029384613,
				"bytes":	1540096000,
				"bits_per_second":	12349009822.593395,
				"omitted":	false,
				"sender":	true
			}
		}, {
			"streams":	[{
					"socket":	5,
					"start":	5.001519,
					"end":	6.013633,
					"seconds":	1.0121140480041504,
					"bytes":	1576140800,
					"bits_per_second":	12458207081.37063,
					"omitted":	false,
					"sender":	true
				}],
			"sum":	{
				"start":	5.001519,
				"end":	6.013633,
				"seconds":	1.0121140480041504,
				"bytes":	1576140800,
				"bits_per_second":	12458207081.37063,
				"omitted":	false,
				"sender":	true
			}
		}, {
			"streams":	[{
					"socket":	5,
					"start":	6.013633,
					"end":	7.009885,
					"seconds":	0.99625200033187866,
					"bytes":	1496580096,
					"bits_per_second":	12017683040.045679,
					"omitted":	false,
					"sender":	true
				}],
			"sum":	{
				"start":	6.013633,
				"end":	7.009885,
				"seconds":	0.99625200033187866,
				"bytes":	1496580096,
				"bits_per_second":	12017683040.045679,
				"omitted":	false,
				"sender":	true
			}
		}, {
			"streams":	[{
					"socket":	5,
					"start":	7.009885,
					"end":	8.00529,
					"seconds":	0.99540501832962036,
					"bytes":	1576009728,
					"bits_per_second":	12666279144.500893,
					"omitted":	false,
					"sender":	true
				}],
			"sum":	{
				"start":	7.009885,
				"end":	8.00529,
				"seconds":	0.99540501832962036,
				"bytes":	1576009728,
				"bits_per_second":	12666279144.500893,
				"omitted":	false,
				"sender":	true
			}
		}, {
			"streams":	[{
					"socket":	5,
					"start":	8.00529,
					"end":	9.014655,
					"seconds":	1.00936496257782,
					"bytes":	1647312896,
					"bits_per_second":	13056232043.505241,
					"omitted":	false,
					"sender":	true
				}],
			"sum":	{
				"start":	8.00529,
				"end":	9.014655,
				"seconds":	1.00936496257782,
				"bytes":	1647312896,
				"bits_per_second":	13056232043.505241,
				"omitted":	false,
				"sender":	true
			}
		}, {
			"streams":	[{
					"socket":	5,
					"start":	9.014655,
					"end":	10.012879,
					"seconds":	0.99822402000427246,
					"bytes":	1717567488,
					"bits_per_second":	13764986244.211184,
					"omitted":	false,
					"sender":	true
				}],
			"sum":	{
				"start":	9.014655,
				"end":	10.012879,
				"seconds":	0.99822402000427246,
				"bytes":	1717567488,
				"bits_per_second":	13764986244.211184,
				"omitted":	false,
				"sender":	true
			}
		}],
	"end":	{
		"streams":	[{
				"sender":	{
					"socket":	5,
					"start":	0,
					"end":	10.012879,
					"seconds":	10.012879,
					"bytes":	15676473344,
					"bits_per_second":	12525047666.310558,
					"sender":	true
				},
				"receiver":	{
					"socket":	5,
					"start":	0,
					"end":	10.012994,
					"seconds":	10.012879,
					"bytes":	15674245120,
					"bits_per_second":	12523123549.26009,
					"sender":	true
				}
			}],
		"sum_sent":	{
			"start":	0,
			"end":	10.012879,
			"seconds":	10.012879,
			"bytes":	15676473344,
			"bits_per_second":	12525047666.310558,
			"sender":	true
		},
		"sum_received":	{
			"start":	0,
			"end":	10.012994,
			"seconds":	10.012994,
			"bytes":	15674245120,
			"bits_per_second":	12523123549.26009,
			"sender":	true
		},
		"cpu_utilization_percent":	{
			"host_total":	0.776894751677545,
			"host_user":	0.15936302598513741,
			"host_system":	0.61753172569240744,
			"remote_total":	5.9222170223891766,
			"remote_user":	0.61918626540999822,
			"remote_system":	5.3030307569791786
		}
	}
}
