{
	"start":	{
		"connected":	[{
				"socket":	5,
				"local_host":	"192.168.1.8",
				"local_port":	29306,
				"remote_host":	"192.168.1.8",
				"remote_port":	5201
			}],
		"version":	"iperf 3.16+",
		"system_info":	"CYGWIN_NT-10.0-22631 DESKTOP-60OKSFH 3.5.3-1.x86_64 2024-04-03 17:25 UTC x86_64",
		"timestamp":	{
			"time":	"Thu, 17 Oct 2024 18:37:54 GMT",
			"timesecs":	1729190274
		},
		"connecting_to":	{
			"host":	"192.168.1.8",
			"port":	5201
		},
		"cookie":	"puvfgdbhfk2mbyihoi6u2sf26esh26ihg2ym",
		"tcp_mss_default":	65495,
		"target_bitrate":	0,
		"fq_rate":	0,
		"sock_bufsize":	0,
		"sndbuf_actual":	65536,
		"rcvbuf_actual":	65536,
		"test_start":	{
			"protocol":	"TCP",
			"num_streams":	1,
			"blksize":	131072,
			"omit":	0,
			"duration":	10,
			"bytes":	0,
			"blocks":	0,
			"reverse":	0,
			"tos":	0,
			"target_bitrate":	0,
			"bidir":	0,
			"fqrate":	0,
			"interval":	1
		}
	},
	"intervals":	[{
			"streams":	[{
					"socket":	5,
					"start":	0,
					"end":	1.001198,
					"seconds":	1.0011980533599854,
					"bytes":	1778515968,
					"bits_per_second":	14211102085.397495,
					"omitted":	false,
					"sender":	true
				}],
			"sum":	{
				"start":	0,
				"end":	1.001198,
				"seconds":	1.0011980533599854,
				"bytes":	1778515968,
				"bits_per_second":	14211102085.397495,
				"omitted":	false,
				"sender":	true
			}
		}, {
			"streams":	[{
					"socket":	5,
					"start":	1.001198,
					"end":	2.001255,
					"seconds":	1.0000569820404053,
					"bytes":	1826619392,
					"bits_per_second":	14612122507.444874,
					"omitted":	false,
					"sender":	true
				}],
			"sum":	{
				"start":	1.001198,
				"end":	2.001255,
				"seconds":	1.0000569820404053,
				"bytes":	1826619392,
				"bits_per_second":	14612122507.444874,
				"omitted":	false,
				"sender":	true
			}
		}, {
			"streams":	[{
					"socket":	5,
					"start":	2.001255,
					"end":	3.000285,
					"seconds":	0.99902999401092529,
					"bytes":	1843527680,
					"bits_per_second":	14762541193.371532,
					"omitted":	false,
					"sender":	true
				}],
			"sum":	{
				"start":	2.001255,
				"end":	3.000285,
				"seconds":	0.99902999401092529,
				"bytes":	1843527680,
				"bits_per_second":	14762541193.371532,
				"omitted":	false,
				"sender":	true
			}
		}, {
			"streams":	[{
					"socket":	5,
					"start":	3.000285,
					"end":	4.000339,
					"seconds":	1.0000540018081665,
					"bytes":	1749024768,
					"bits_per_second":	13991442580.801779,
					"omitted":	false,
					"sender":	true
				}],
			"sum":	{
				"start":	3.000285,
				"end":	4.000339,
				"seconds":	1.0000540018081665,
				"bytes":	1749024768,
				"bits_per_second":	13991442580.801779,
				"omitted":	false,
				"sender":	true
			}
		}, {
			"streams":	[{
					"socket":	5,
					"start":	4.000339,
					"end":	5.001188,
					"seconds":	1.0008490085601807,
					"bytes":	1870659584,
					"bits_per_second":	14952581802.053255,
					"omitted":	false,
					"sender":	true
				}],
			"sum":	{
				"start":	4.000339,
				"end":	5.001188,
				"seconds":	1.0008490085601807,
				"bytes":	1870659584,
				"bits_per_second":	14952581802.053255,
				"omitted":	false,
				"sender":	true
			}
		}, {
			"streams":	[{
					"socket":	5,
					"start":	5.001188,
					"end":	6.001005,
					"seconds":	0.99981701374053955,
					"bytes":	1858600960,
					"bits_per_second":	14871528965.457848,
					"omitted":	false,
					"sender":	true
				}],
			"sum":	{
				"start":	5.001188,
				"end":	6.001005,
				"seconds":	0.99981701374053955,
				"bytes":	1858600960,
				"bits_per_second":	14871528965.457848,
				"omitted":	false,
				"sender":	true
			}
		}, {
			"streams":	[{
					"socket":	5,
					"start":	6.001005,
					"end":	7.000683,
					"seconds":	0.99967801570892334,
					"bytes":	1909981184,
					"bits_per_second":	15284770928.131563,
					"omitted":	false,
					"sender":	true
				}],
			"sum":	{
				"start":	6.001005,
				"end":	7.000683,
				"seconds":	0.99967801570892334,
				"bytes":	1909981184,
				"bits_per_second":	15284770928.131563,
				"omitted":	false,
				"sender":	true
			}
		}, {
			"streams":	[{
					"socket":	5,
					"start":	7.000683,
					"end":	8.001486,
					"seconds":	1.0008029937744141,
					"bytes":	1944059904,
					"bits_per_second":	15540000708.176945,
					"omitted":	false,
					"sender":	true
				}],
			"sum":	{
				"start":	7.000683,
				"end":	8.001486,
				"seconds":	1.0008029937744141,
				"bytes":	1944059904,
				"bits_per_second":	15540000708.176945,
				"omitted":	false,
				"sender":	true
			}
		}, {
			"streams":	[{
					"socket":	5,
					"start":	8.001486,
					"end":	9.000881,
					"seconds":	0.99939501285552979,
					"bytes":	1928986624,
					"bits_per_second":	15441234740.512756,
					"omitted":	false,
					"sender":	true
				}],
			"sum":	{
				"start":	8.001486,
				"end":	9.000881,
				"seconds":	0.99939501285552979,
				"bytes":	1928986624,
				"bits_per_second":	15441234740.512756,
				"omitted":	false,
				"sender":	true
			}
		}, {
			"streams":	[{
					"socket":	5,
					"start":	9.000881,
					"end":	10.000274,
					"seconds":	0.99939298629760742,
					"bytes":	1977614336,
					"bits_per_second":	15830524033.004089,
					"omitted":	false,
					"sender":	true
				}],
			"sum":	{
				"start":	9.000881,
				"end":	10.000274,
				"seconds":	0.99939298629760742,
				"bytes":	1977614336,
				"bits_per_second":	15830524033.004089,
				"omitted":	false,
				"sender":	true
			}
		}],
	"end":	{
		"streams":	[{
				"sender":	{
					"socket":	5,
					"start":	0,
					"end":	10.000274,
					"seconds":	10.000274,
					"bytes":	18687590400,
					"bits_per_second":	14949662699.242043,
					"sender":	true
				},
				"receiver":	{
					"socket":	5,
					"start":	0,
					"end":	10.000393,
					"seconds":	10.000274,
					"bytes":	18681167872,
					"bits_per_second":	14944346984.7635,
					"sender":	true
				}
			}],
		"sum_sent":	{
			"start":	0,
			"end":	10.000274,
			"seconds":	10.000274,
			"bytes":	18687590400,
			"bits_per_second":	14949662699.242043,
			"sender":	true
		},
		"sum_received":	{
			"start":	0,
			"end":	10.000393,
			"seconds":	10.000393,
			"bytes":	18681167872,
			"bits_per_second":	14944346984.7635,
			"sender":	true
		},
		"cpu_utilization_percent":	{
			"host_total":	6.09442421128909,
			"host_user":	1.0989945299045905,
			"host_system":	4.9954296813845014,
			"remote_total":	29.83861250451854,
			"remote_user":	1.2499418777026867,
			"remote_system":	28.588670626815855
		}
	}
}
