{
    "start": {
        "connected": [
            {
                "socket": 5,
                "local_host": "192.168.1.8",
                "local_port": 17088,
                "remote_host": "192.168.1.8",
                "remote_port": 5201
            }
        ],
        "version": "iperf 3.16+",
        "system_info": "CYGWIN_NT-10.0-22631 DESKTOP-60OKSFH 3.5.3-1.x86_64 2024-04-03 17:25 UTC x86_64",
        "timestamp": {
            "time": "Tue, 22 Oct 2024 20:44:20 GMT",
            "timesecs": 1729629860
        },
        "connecting_to": {
            "host": "192.168.1.8",
            "port": 5201
        },
        "cookie": "rjgznfrexdxyxrqbh3uomsq432off6i5djgh",
        "tcp_mss_default": 65495,
        "target_bitrate": 0,
        "fq_rate": 0,
        "sock_bufsize": 0,
        "sndbuf_actual": 65536,
        "rcvbuf_actual": 65536,
        "test_start": {
            "protocol": "TCP",
            "num_streams": 1,
            "blksize": 131072,
            "omit": 0,
            "duration": 10,
            "bytes": 0,
            "blocks": 0,
            "reverse": 0,
            "tos": 0,
            "target_bitrate": 0,
            "bidir": 0,
            "fqrate": 0,
            "interval": 1
        }
    },
    "intervals": [
        {
            "streams": [
                {
                    "socket": 5,
                    "start": 0,
                    "end": 1.005381,
                    "seconds": 1.0053809881210327,
                    "bytes": 1310851072,
                    "bits_per_second": 10430681204.34514,
                    "omitted": false,
                    "sender": true
                }
            ],
            "sum": {
                "start": 0,
                "end": 1.005381,
                "seconds": 1.0053809881210327,
                "bytes": 1310851072,
                "bits_per_second": 10430681204.34514,
                "omitted": false,
                "sender": true
            }
        },
        {
            "streams": [
                {
                    "socket": 5,
                    "start": 1.005381,
                    "end": 2.001351,
                    "seconds": 0.9959700107574463,
                    "bytes": 1205075968,
                    "bits_per_second": 9679616494.344254,
                    "omitted": false,
                    "sender": true
                }
            ],
            "sum": {
                "start": 1.005381,
                "end": 2.001351,
                "seconds": 0.9959700107574463,
                "bytes": 1205075968,
                "bits_per_second": 9679616494.344254,
                "omitted": false,
                "sender": true
            }
        },
        {
            "streams": [
                {
                    "socket": 5,
                    "start": 2.001351,
                    "end": 3.011513,
                    "seconds": 1.0101619958877563,
                    "bytes": 1462501376,
                    "bits_per_second": 11582311605.098278,
                    "omitted": false,
                    "sender": true
                }
            ],
            "sum": {
                "start": 2.001351,
                "end": 3.011513,
                "seconds": 1.0101619958877563,
                "bytes": 1462501376,
                "bits_per_second": 11582311605.098278,
                "omitted": false,
                "sender": true
            }
        },
        {
            "streams": [
                {
                    "socket": 5,
                    "start": 3.011513,
                    "end": 4.008803,
                    "seconds": 0.997290015220642,
                    "bytes": 1433665536,
                    "bits_per_second": 11500490442.053116,
                    "omitted": false,
                    "sender": true
                }
            ],
            "sum": {
                "start": 3.011513,
                "end": 4.008803,
                "seconds": 0.997290015220642,
                "bytes": 1433665536,
                "bits_per_second": 11500490442.053116,
                "omitted": false,
                "sender": true
            }
        },
        {
            "streams": [
                {
                    "socket": 5,
                    "start": 4.008803,
                    "end": 5.005672,
                    "seconds": 0.9968690276145935,
                    "bytes": 1458307072,
                    "bits_per_second": 11703098654.71159,
                    "omitted": false,
                    "sender": true
                }
            ],
            "sum": {
                "start": 4.008803,
                "end": 5.005672,
                "seconds": 0.9968690276145935,
                "bytes": 1458307072,
                "bits_per_second": 11703098654.71159,
                "omitted": false,
                "sender": true
            }
        },
        {
            "streams": [
                {
                    "socket": 5,
                    "start": 5.005672,
                    "end": 6.00063,
                    "seconds": 0.994957983493805,
                    "bytes": 1465909248,
                    "bits_per_second": 11786702733.737118,
                    "omitted": false,
                    "sender": true
                }
            ],
            "sum": {
                "start": 5.005672,
                "end": 6.00063,
                "seconds": 0.994957983493805,
                "bytes": 1465909248,
                "bits_per_second": 11786702733.737118,
                "omitted": false,
                "sender": true
            }
        },
        {
            "streams": [
                {
                    "socket": 5,
                    "start": 6.00063,
                    "end": 7.011302,
                    "seconds": 1.0106719732284546,
                    "bytes": 1494482944,
                    "bits_per_second": 11829618183.44345,
                    "omitted": false,
                    "sender": true
                }
            ],
            "sum": {
                "start": 6.00063,
                "end": 7.011302,
                "seconds": 1.0106719732284546,
                "bytes": 1494482944,
                "bits_per_second": 11829618183.44345,
                "omitted": false,
                "sender": true
            }
        },
        {
            "streams": [
                {
                    "socket": 5,
                    "start": 7.011302,
                    "end": 8.006528,
                    "seconds": 0.99522602558136,
                    "bytes": 1498152960,
                    "bits_per_second": 12042715294.748095,
                    "omitted": false,
                    "sender": true
                }
            ],
            "sum": {
                "start": 7.011302,
                "end": 8.006528,
                "seconds": 0.99522602558136,
                "bytes": 1498152960,
                "bits_per_second": 12042715294.748095,
                "omitted": false,
                "sender": true
            }
        },
        {
            "streams": [
                {
                    "socket": 5,
                    "start": 8.006528,
                    "end": 9.002126,
                    "seconds": 0.995598018169403,
                    "bytes": 1501560832,
                    "bits_per_second": 12065599204.473356,
                    "omitted": false,
                    "sender": true
                }
            ],
            "sum": {
                "start": 8.006528,
                "end": 9.002126,
                "seconds": 0.995598018169403,
                "bytes": 1501560832,
                "bits_per_second": 12065599204.473356,
                "omitted": false,
                "sender": true
            }
        },
        {
            "streams": [
                {
                    "socket": 5,
                    "start": 9.002126,