{
    "start": {
        "connected": [
            {
                "socket": 5,
                "local_host": "192.168.1.8",
                "local_port": 9267,
                "remote_host": "192.168.1.8",
                "remote_port": 5201
            }
        ],
        "version": "iperf 3.16+",
        "system_info": "CYGWIN_NT-10.0-22631 DESKTOP-60OKSFH 3.5.3-1.x86_64 2024-04-03 17:25 UTC x86_64",
        "timestamp": {
            "time": "Tue, 22 Oct 2024 20:28:41 GMT",
            "timesecs": 1729628921
        },
        "connecting_to": {
            "host": "192.168.1.8",
            "port": 5201
        },
        "cookie": "5h4rqu2jpx3btr4kmcxequvunqqxgbgtfee6",
        "tcp_mss_default": 65495,
        "target_bitrate": 0,
        "fq_rate": 0,
        "sock_bufsize": 0,
        "sndbuf_actual": 65536,
        "rcvbuf_actual": 65536,
        "test_start": {
            "protocol": "TCP",
            "num_streams": 1,
            "blksize": 131072,
            "omit": 0,
            "duration": 10,
            "bytes": 0,
            "blocks": 0,
            "reverse": 0,
            "tos": 0,
            "target_bitrate": 0,
            "bidir": 0,
            "fqrate": 0,
            "interval": 1
        }
    },
    "intervals": [
        {
            "streams": [
                {
                    "socket": 5,
                    "start": 0,
                    "end": 1.014734,
                    "seconds": 1.0147340297698975,
                    "bytes": 1479802880,
                    "bits_per_second": 11666528068.132788,
                    "omitted": false,
                    "sender": true
                }
            ],
            "sum": {
                "start": 0,
                "end": 1.014734,
                "seconds": 1.0147340297698975,
                "bytes": 1479802880,
                "bits_per_second": 11666528068.132788,
                "omitted": false,
                "sender": true
            }
        },
        {
            "streams": [
                {
                    "socket": 5,
                    "start": 1.014734,
                    "end": 2.013821,
                    "seconds": 0.9990869760513306,
                    "bytes": 1438384128,
                    "bits_per_second": 11517588858.4587,
                    "omitted": false,
                    "sender": true
                }
            ],
            "sum": {
                "start": 1.014734,
                "end": 2.013821,
                "seconds": 0.9990869760513306,
                "bytes": 1438384128,
                "bits_per_second": 11517588858.4587,
                "omitted": false,
                "sender": true
            }
        },
        {
            "streams": [
                {
                    "socket": 5,
                    "start": 2.013821,
                    "end": 3.008157,
                    "seconds": 0.9943360090255737,
                    "bytes": 1189085184,
                    "bits_per_second": 9566868126.72329,
                    "omitted": false,
                    "sender": true
                }
            ],
            "sum": {
                "start": 2.013821,
                "end": 3.008157,
                "seconds": 0.9943360090255737,
                "bytes": 1189085184,
                "bits_per_second": 9566868126.72329,
                "omitted": false,
                "sender": true
            }
        },
        {
            "streams": [
                {
                    "socket": 5,
                    "start": 3.008157,
                    "end": 4.003766,
                    "seconds": 0.9956089854240417,
                    "bytes": 1340080128,
                    "bits_per_second": 10767923131.422876,
                    "omitted": false,
                    "sender": true
                }
            ],
            "sum": {
                "start": 3.008157,
                "end": 4.003766,
                "seconds": 0.9956089854240417,
                "bytes": 1340080128,
                "bits_per_second": 10767923131.422876,
                "omitted": false,
                "sender": true
            }
        },
        {
            "streams": [
                {
                    "socket": 5,
                    "start": 4.003766,
                    "end": 5.012309,
                    "seconds": 1.0085430145263672,
                    "bytes": 1300234240,
                    "bits_per_second": 10313763290.388697,
                    "omitted": false,
                    "sender": true
                }
            ],
            "sum": {
                "start": 4.003766,
                "end": 5.012309,
                "seconds": 1.0085430145263672,
                "bytes": 1300234240,
                "bits_per_second": 10313763290.388697,
                "omitted": false,
                "sender": true
            }
        },
        {
            "streams": [
                {
                    "socket": 5,
                    "start": 5.012309,
                    "end": 6.007726,
                    "seconds": 0.9954169988632202,
                    "bytes": 1407188992,
                    "bits_per_second": 11309342666.295866,
                    "omitted": false,
                    "sender": true
                }
            ],
            "sum": {
                "start": 5.012309,
                "end": 6.007726,
                "seconds": 0.9954169988632202,
                "bytes": 1407188992,
                "bits_per_second": 11309342666.295866,
                "omitted": false,
                "sender": true
            }
        },
        {
            "streams": [
                {
                    "socket": 5,
                    "start": 6.007726,
                    "end": 7.002885,
                    "seconds": 0.9951589703559875,
                    "bytes": 1306525696,
                    "bits_per_second": 10503051149.969582,
                    "omitted": false,
                    "sender": true
                }
            ],
            "sum": {
                "start": 6.007726,
                "end": 7.002885,
                "seconds": 0.9951589703559875,
                "bytes": 1306525696,
                "bits_per_second": 10503051149.969582,
                "omitted": false,
                "sender": true
            }
        },
        {
            "streams": [
                {
                    "socket": 5,
                    "start": 7.002885,
                    "end": 8.012713,
                    "seconds": 1.009827971458435,
                    "bytes": 1497366528,
                    "bits_per_second": 11862349392.738184,
                    "omitted": false,
                    "sender": true
                }
            ],
            "sum": {
                "start": 7.002885,
                "end": 8.012713,
                "seconds": 1.009827971458435,
                "bytes": 1497366528,
                "bits_per_second": 11862349392.738184,
                "omitted": false,
                "sender": true
            }
        },
        {
            "streams": [
                {
                    "socket": 5,
                    "start": 8.012713,
                    "end": 9.010651,
                    "seconds": 0.9979379773139954,
                    "bytes": 1518338048,
                    "bits_per_second": 12171802917.74597,
                    "omitted": false,
                    "sender": true
                }
            ],
            "sum": {
                "start": 8.012713,
                "end": 9.010651,
                "seconds": 0.9979379773139954,
                "bytes": 1518338048,
                "bits_per_second": 12171802917.74597,
                "omitted": false,
                "sender": true
            }
        },
        {
            "streams": [
                {
                    "socket": 5,