{
	"start":	{
		"connected":	[{
				"socket":	5,
				"local_host":	"192.168.1.8",
				"local_port":	27215,
				"remote_host":	"192.168.1.19",
				"remote_port":	5201
			}],
		"version":	"iperf 3.16+",
		"system_info":	"CYGWIN_NT-10.0-22631 DESKTOP-60OKSFH 3.5.3-1.x86_64 2024-04-03 17:25 UTC x86_64",
		"timestamp":	{
			"time":	"Thu, 17 Oct 2024 18:33:43 GMT",
			"timesecs":	1729190023
		},
		"connecting_to":	{
			"host":	"192.168.1.19",
			"port":	5201
		},
		"cookie":	"mktsk6hdheul42tay5xk575din7j5jjnbwyp",
		"tcp_mss_default":	1460,
		"target_bitrate":	0,
		"fq_rate":	0,
		"sock_bufsize":	0,
		"sndbuf_actual":	65536,
		"rcvbuf_actual":	65536,
		"test_start":	{
			"protocol":	"TCP",
			"num_streams":	1,
			"blksize":	131072,
			"omit":	0,
			"duration":	10,
			"bytes":	0,
			"blocks":	0,
			"reverse":	0,
			"tos":	0,
			"target_bitrate":	0,
			"bidir":	0,
			"fqrate":	0,
			"interval":	1
		}
	},
	"intervals":	[{
			"streams":	[{
					"socket":	5,
					"start":	0,
					"end":	1.000641,
					"seconds":	1.0006409883499146,
					"bytes":	58458112,
					"bits_per_second":	467365320.2745499,
					"omitted":	false,
					"sender":	true
				}],
			"sum":	{
				"start":	0,
				"end":	1.000641,
				"seconds":	1.0006409883499146,
				"bytes":	58458112,
				"bits_per_second":	467365320.2745499,
				"omitted":	false,
				"sender":	true
			}
		}, {
			"streams":	[{
					"socket":	5,
					"start":	1.000641,
					"end":	2.000055,
					"seconds":	0.999414026737213,
					"bytes":	67371008,
					"bits_per_second":	539284070.046094,
					"omitted":	false,
					"sender":	true
				}],
			"sum":	{
				"start":	1.000641,
				"end":	2.000055,
				"seconds":	0.999414026737213,
				"bytes":	67371008,
				"bits_per_second":	539284070.046094,
				"omitted":	false,
				"sender":	true
			}
		}, {
			"streams":	[{
					"socket":	5,
					"start":	2.000055,
					"end":	3.000255,
					"seconds":	1.0002000331878662,
					"bytes":	69206016,
					"bits_per_second":	553537402.148845,
					"omitted":	false,
					"sender":	true
				}],
			"sum":	{
				"start":	2.000055,
				"end":	3.000255,
				"seconds":	1.0002000331878662,
				"bytes":	69206016,
				"bits_per_second":	553537402.148845,
				"omitted":	false,
				"sender":	true
			}
		}, {
			"streams":	[{
					"socket":	5,
					"start":	3.000255,
					"end":	4.000872,
					"seconds":	1.0006170272827148,
					"bytes":	77463552,
					"bits_per_second":	619326274.79155147,
					"omitted":	false,
					"sender":	true
				}],
			"sum":	{
				"start":	3.000255,
				"end":	4.000872,
				"seconds":	1.0006170272827148,
				"bytes":	77463552,
				"bits_per_second":	619326274.79155147,
				"omitted":	false,
				"sender":	true
			}
		}, {
			"streams":	[{
					"socket":	5,
					"start":	4.000872,
					"end":	5.000014,
					"seconds":	0.99914199113845825,
					"bytes":	57409536,
					"bits_per_second":	459670689.52500343,
					"omitted":	false,
					"sender":	true
				}],
			"sum":	{
				"start":	4.000872,
				"end":	5.000014,
				"seconds":	0.99914199113845825,
				"bytes":	57409536,
				"bits_per_second":	459670689.52500343,
				"omitted":	false,
				"sender":	true
			}
		}, {
			"streams":	[{
					"socket":	5,
					"start":	5.000014,
					"end":	6.000709,
					"seconds":	1.0006949901580811,
					"bytes":	63438848,
					"bits_per_second":	507158313.96320659,
					"omitted":	false,
					"sender":	true
				}],
			"sum":	{
				"start":	5.000014,
				"end":	6.000709,
				"seconds":	1.0006949901580811,
				"bytes":	63438848,
				"bits_per_second":	507158313.96320659,
				"omitted":	false,
				"sender":	true
			}
		}, {
			"streams":	[{
					"socket":	5,
					"start":	6.000709,
					"end":	7.000622,
					"seconds":	0.999912977218628,
					"bytes":	56229888,
					"bits_per_second":	449878253.656912,
					"omitted":	false,
					"sender":	true
				}],
			"sum":	{
				"start":	6.000709,
				"end":	7.000622,
				"seconds":	0.999912977218628,
				"bytes":	56229888,
				"bits_per_second":	449878253.656912,
				"omitted":	false,
				"sender":	true
			}
		}, {
			"streams":	[{
					"socket":	5,
					"start":	7.000622,
					"end":	8.000916,
					"seconds":	1.0002939701080322,
					"bytes":	59506688,
					"bits_per_second":	475913599.62770343,
					"omitted":	false,
					"sender":	true
				}],
			"sum":	{
				"start":	7.000622,
				"end":	8.000916,
				"seconds":	1.0002939701080322,
				"bytes":	59506688,
				"bits_per_second":	475913599.62770343,
				"omitted":	false,
				"sender":	true
			}
		}, {
			"streams":	[{
					"socket":	5,
					"start":	8.000916,
					"end":	9.000131,
					"seconds":	0.999215006828308,
					"bytes":	59244544,
					"bits_per_second":	474328696.78811616,
					"omitted":	false,
					"sender":	true
				}],
			"sum":	{
				"start":	8.000916,
				"end":	9.000131,
				"seconds":	0.999215006828308,
				"bytes":	59244544,
				"bits_per_second":	474328696.78811616,
				"omitted":	false,
				"sender":	true
			}
		}, {
			"streams":	[{
					"socket":	5,
					"start":	9.000131,
					"end":	10.000916,
					"seconds":	1.0007849931716919,
					"bytes":	49676288,
					"bits_per_second":	397098584.322818,
					"omitted":	false,
					"sender":	true
				}],
			"sum":	{
				"start":	9.000131,
				"end":	10.000916,
				"seconds":	1.0007849931716919,
				"bytes":	49676288,
				"bits_per_second":	397098584.322818,
				"omitted":	false,
				"sender":	true
			}
		}],
	"end":	{
		"streams":	[{
				"sender":	{
					"socket":	5,
					"start":	0,
					"end":	10.000916,
					"seconds":	10.000916,
					"bytes":	618004480,
					"bits_per_second":	494358300.7796486,
					"sender":	true
				},
				"receiver":	{
					"socket":	5,
					"start":	0,
					"end":	10.000916,
					"seconds":	10.000916,
					"bytes":	617993128,
					"bits_per_second":	494349220.011447,
					"sender":	true
				}
			}],
		"sum_sent":	{
			"start":	0,
			"end":	10.000916,
			"seconds":	10.000916,
			"bytes":	618004480,
			"bits_per_second":	494358300.7796486,
			"sender":	true
		},
		"sum_received":	{
			"start":	0,
			"end":	10.000916,
			"seconds":	10.000916,
			"bytes":	617993128,
			"bits_per_second":	494349220.011447,
			"sender":	true
		},
		"cpu_utilization_percent":	{
			"host_total":	7.76656625487623,
			"host_user":	0,
			"host_system":	7.76656625487623,
			"remote_total":	1.29801,
			"remote_user":	0.0691181,
			"remote_system":	1.22889
		}
	}
}
