{
	"start":	{
		"connected":	[{
				"socket":	5,
				"local_host":	"192.168.1.8",
				"local_port":	28163,
				"remote_host":	"192.168.1.19",
				"remote_port":	5201
			}],
		"version":	"iperf 3.16+",
		"system_info":	"CYGWIN_NT-10.0-22631 DESKTOP-60OKSFH 3.5.3-1.x86_64 2024-04-03 17:25 UTC x86_64",
		"timestamp":	{
			"time":	"Thu, 17 Oct 2024 18:35:38 GMT",
			"timesecs":	1729190138
		},
		"connecting_to":	{
			"host":	"192.168.1.19",
			"port":	5201
		},
		"cookie":	"bwvgokr2wartmf6xri37626g6ktduymdpkix",
		"tcp_mss_default":	1460,
		"target_bitrate":	0,
		"fq_rate":	0,
		"sock_bufsize":	0,
		"sndbuf_actual":	65536,
		"rcvbuf_actual":	65536,
		"test_start":	{
			"protocol":	"TCP",
			"num_streams":	1,
			"blksize":	131072,
			"omit":	0,
			"duration":	10,
			"bytes":	0,
			"blocks":	0,
			"reverse":	0,
			"tos":	0,
			"target_bitrate":	0,
			"bidir":	0,
			"fqrate":	0,
			"interval":	1
		}
	},
	"intervals":	[{
			"streams":	[{
					"socket":	5,
					"start":	0,
					"end":	1.000314,
					"seconds":	1.0003139972686768,
					"bytes":	65011712,
					"bits_per_second":	519930439.26216978,
					"omitted":	false,
					"sender":	true
				}],
			"sum":	{
				"start":	0,
				"end":	1.000314,
				"seconds":	1.0003139972686768,
				"bytes":	65011712,
				"bits_per_second":	519930439.26216978,
				"omitted":	false,
				"sender":	true
			}
		}, {
			"streams":	[{
					"socket":	5,
					"start":	1.000314,
					"end":	2.000356,
					"seconds":	1.0000419616699219,
					"bytes":	89260032,
					"bits_per_second":	714050293.25728667,
					"omitted":	false,
					"sender":	true
				}],
			"sum":	{
				"start":	1.000314,
				"end":	2.000356,
				"seconds":	1.0000419616699219,
				"bytes":	89260032,
				"bits_per_second":	714050293.25728667,
				"omitted":	false,
				"sender":	true
			}
		}, {
			"streams":	[{
					"socket":	5,
					"start":	2.000356,
					"end":	3.000935,
					"seconds":	1.0005789995193481,
					"bytes":	66060288,
					"bits_per_second":	528176490.06612074,
					"omitted":	false,
					"sender":	true
				}],
			"sum":	{
				"start":	2.000356,
				"end":	3.000935,
				"seconds":	1.0005789995193481,
				"bytes":	66060288,
				"bits_per_second":	528176490.06612074,
				"omitted":	false,
				"sender":	true
			}
		}, {
			"streams":	[{
					"socket":	5,
					"start":	3.000935,
					"end":	4.0013,
					"seconds":	1.0003650188446045,
					"bytes":	71827456,
					"bits_per_second":	574409977.53367138,
					"omitted":	false,
					"sender":	true
				}],
			"sum":	{
				"start":	3.000935,
				"end":	4.0013,
				"seconds":	1.0003650188446045,
				"bytes":	71827456,
				"bits_per_second":	574409977.53367138,
				"omitted":	false,
				"sender":	true
			}
		}, {
			"streams":	[{
					"socket":	5,
					"start":	4.0013,
					"end":	5.001141,
					"seconds":	0.99984097480773926,
					"bytes":	76152832,
					"bits_per_second":	609319553.15908933,
					"omitted":	false,
					"sender":	true
				}],
			"sum":	{
				"start":	4.0013,
				"end":	5.001141,
				"seconds":	0.99984097480773926,
				"bytes":	76152832,
				"bits_per_second":	609319553.15908933,
				"omitted":	false,
				"sender":	true
			}
		}, {
			"streams":	[{
					"socket":	5,
					"start":	5.001141,
					"end":	6.008439,
					"seconds":	1.0072979927062988,
					"bytes":	64487424,
					"bits_per_second":	512161640.08620483,
					"omitted":	false,
					"sender":	true
				}],
			"sum":	{
				"start":	5.001141,
				"end":	6.008439,
				"seconds":	1.0072979927062988,
				"bytes":	64487424,
				"bits_per_second":	512161640.08620483,
				"omitted":	false,
				"sender":	true
			}
		}, {
			"streams":	[{
					"socket":	5,
					"start":	6.008439,
					"end":	7.000815,
					"seconds":	0.99237602949142456,
					"bytes":	66715648,
					"bits_per_second":	537825550.132972,
					"omitted":	false,
					"sender":	true
				}],
			"sum":	{
				"start":	6.008439,
				"end":	7.000815,
				"seconds":	0.99237602949142456,
				"bytes":	66715648,
				"bits_per_second":	537825550.132972,
				"omitted":	false,
				"sender":	true
			}
		}, {
			"streams":	[{
					"socket":	5,
					"start":	7.000815,
					"end":	8.000127,
					"seconds":	0.99931198358535767,
					"bytes":	63832064,
					"bits_per_second":	511008093.95665729,
					"omitted":	false,
					"sender":	true
				}],
			"sum":	{
				"start":	7.000815,
				"end":	8.000127,
				"seconds":	0.99931198358535767,
				"bytes":	63832064,
				"bits_per_second":	511008093.95665729,
				"omitted":	false,
				"sender":	true
			}
		}, {
			"streams":	[{
					"socket":	5,
					"start":	8.000127,
					"end":	9.000325,
					"seconds":	1.0001980066299438,
					"bytes":	58589184,
					"bits_per_second":	468620681.99803561,
					"omitted":	false,
					"sender":	true
				}],
			"sum":	{
				"start":	8.000127,
				"end":	9.000325,
				"seconds":	1.0001980066299438,
				"bytes":	58589184,
				"bits_per_second":	468620681.99803561,
				"omitted":	false,
				"sender":	true
			}
		}, {
			"streams":	[{
					"socket":	5,
					"start":	9.000325,
					"end":	10.001196,
					"seconds":	1.000870943069458,
					"bytes":	72220672,
					"bits_per_second":	577262613.127839,
					"omitted":	false,
					"sender":	true
				}],
			"sum":	{
				"start":	9.000325,
				"end":	10.001196,
				"seconds":	1.000870943069458,
				"bytes":	72220672,
				"bits_per_second":	577262613.127839,
				"omitted":	false,
				"sender":	true
			}
		}],
	"end":	{
		"streams":	[{
				"sender":	{
					"socket":	5,
					"start":	0,
					"end":	10.001196,
					"seconds":	10.001196,
					"bytes":	694157312,
					"bits_per_second":	555259440.57090771,
					"sender":	true
				},
				"receiver":	{
					"socket":	5,
					"start":	0,
					"end":	10.001196,
					"seconds":	10.001196,
					"bytes":	694137200,
					"bits_per_second":	555243352.89499378,
					"sender":	true
				}
			}],
		"sum_sent":	{
			"start":	0,
			"end":	10.001196,
			"seconds":	10.001196,
			"bytes":	694157312,
			"bits_per_second":	555259440.57090771,
			"sender":	true
		},
		"sum_received":	{
			"start":	0,
			"end":	10.001196,
			"seconds":	10.001196,
			"bytes":	694137200,
			"bits_per_second":	555243352.89499378,
			"sender":	true
		},
		"cpu_utilization_percent":	{
			"host_total":	7.9249829269815733,
			"host_user":	0,
			"host_system":	7.9249829269815733,
			"remote_total":	8.70031,
			"remote_user":	0.422133,
			"remote_system":	8.27817
		}
	}
}
