{
	"start":	{
		"connected":	[{
				"socket":	5,
				"local_host":	"192.168.1.8",
				"local_port":	18418,
				"remote_host":	"192.168.1.8",
				"remote_port":	5201
			}],
		"version":	"iperf 3.16+",
		"system_info":	"CYGWIN_NT-10.0-22631 DESKTOP-60OKSFH 3.5.3-1.x86_64 2024-04-03 17:25 UTC x86_64",
		"timestamp":	{
			"time":	"Fri, 18 Oct 2024 08:05:37 GMT",
			"timesecs":	1729238737
		},
		"connecting_to":	{
			"host":	"192.168.1.8",
			"port":	5201
		},
		"cookie":	"dkn3pjgvksypob3skdzd47t334inhcowbtkg",
		"tcp_mss_default":	65495,
		"target_bitrate":	0,
		"fq_rate":	0,
		"sock_bufsize":	0,
		"sndbuf_actual":	65536,
		"rcvbuf_actual":	65536,
		"test_start":	{
			"protocol":	"TCP",
			"num_streams":	1,
			"blksize":	131072,
			"omit":	0,
			"duration":	10,
			"bytes":	0,
			"blocks":	0,
			"reverse":	0,
			"tos":	0,
			"target_bitrate":	0,
			"bidir":	0,
			"fqrate":	0,
			"interval":	1
		}
	},
	"intervals":	[{
			"streams":	[{
					"socket":	5,
					"start":	0,
					"end":	1.000356,
					"seconds":	1.0003559589385986,
					"bytes":	1522925568,
					"bits_per_second":	12179069295.420483,
					"omitted":	false,
					"sender":	true
				}],
			"sum":	{
				"start":	0,
				"end":	1.000356,
				"seconds":	1.0003559589385986,
				"bytes":	1522925568,
				"bits_per_second":	12179069295.420483,
				"omitted":	false,
				"sender":	true
			}
		}, {
			"streams":	[{
					"socket":	5,
					"start":	1.000356,
					"end":	2.009068,
					"seconds":	1.00871205329895,
					"bytes":	1892810752,
					"bits_per_second":	15011703257.115982,
					"omitted":	false,
					"sender":	true
				}],
			"sum":	{
				"start":	1.000356,
				"end":	2.009068,
				"seconds":	1.00871205329895,
				"bytes":	1892810752,
				"bits_per_second":	15011703257.115982,
				"omitted":	false,
				"sender":	true
			}
		}, {
			"streams":	[{
					"socket":	5,
					"start":	2.009068,
					"end":	3.003503,
					"seconds":	0.99443501234054565,
					"bytes":	1879441408,
					"bits_per_second":	15119672052.386528,
					"omitted":	false,
					"sender":	true
				}],
			"sum":	{
				"start":	2.009068,
				"end":	3.003503,
				"seconds":	0.99443501234054565,
				"bytes":	1879441408,
				"bits_per_second":	15119672052.386528,
				"omitted":	false,
				"sender":	true
			}
		}, {
			"streams":	[{
					"socket":	5,
					"start":	3.003503,
					"end":	4.001706,
					"seconds":	0.99820297956466675,
					"bytes":	1956642816,
					"bits_per_second":	15681322184.418444,
					"omitted":	false,
					"sender":	true
				}],
			"sum":	{
				"start":	3.003503,
				"end":	4.001706,
				"seconds":	0.99820297956466675,
				"bytes":	1956642816,
				"bits_per_second":	15681322184.418444,
				"omitted":	false,
				"sender":	true
			}
		}, {
			"streams":	[{
					"socket":	5,
					"start":	4.001706,
					"end":	5.000426,
					"seconds":	0.99871999025344849,
					"bytes":	2023751680,
					"bits_per_second":	16210763375.119192,
					"omitted":	false,
					"sender":	true
				}],
			"sum":	{
				"start":	4.001706,
				"end":	5.000426,
				"seconds":	0.99871999025344849,
				"bytes":	2023751680,
				"bits_per_second":	16210763375.119192,
				"omitted":	false,
				"sender":	true
			}
		}, {
			"streams":	[{
					"socket":	5,
					"start":	5.000426,
					"end":	6.012535,
					"seconds":	1.0121090412139893,
					"bytes":	2036334592,
					"bits_per_second":	16095772365.060493,
					"omitted":	false,
					"sender":	true
				}],
			"sum":	{
				"start":	5.000426,
				"end":	6.012535,
				"seconds":	1.0121090412139893,
				"bytes":	2036334592,
				"bits_per_second":	16095772365.060493,
				"omitted":	false,
				"sender":	true
			}
		}, {
			"streams":	[{
					"socket":	5,
					"start":	6.012535,
					"end":	7.009219,
					"seconds":	0.99668401479721069,
					"bytes":	1998585856,
					"bits_per_second":	16041881489.644562,
					"omitted":	false,
					"sender":	true
				}],
			"sum":	{
				"start":	6.012535,
				"end":	7.009219,
				"seconds":	0.99668401479721069,
				"bytes":	1998585856,
				"bits_per_second":	16041881489.644562,
				"omitted":	false,
				"sender":	true
			}
		}, {
			"streams":	[{
					"socket":	5,
					"start":	7.009219,
					"end":	8.006558,
					"seconds":	0.99733901023864746,
					"bytes":	1677459456,
					"bits_per_second":	13455480543.961559,
					"omitted":	false,
					"sender":	true
				}],
			"sum":	{
				"start":	7.009219,
				"end":	8.006558,
				"seconds":	0.99733901023864746,
				"bytes":	1677459456,
				"bits_per_second":	13455480543.961559,
				"omitted":	false,
				"sender":	true
			}
		}, {
			"streams":	[{
					"socket":	5,
					"start":	8.006558,
					"end":	9.000637,
					"seconds":	0.99407899379730225,
					"bytes":	2032140288,
					"bits_per_second":	16353954168.067764,
					"omitted":	false,
					"sender":	true
				}],
			"sum":	{
				"start":	8.006558,
				"end":	9.000637,
				"seconds":	0.99407899379730225,
				"bytes":	2032140288,
				"bits_per_second":	16353954168.067764,
				"omitted":	false,
				"sender":	true
			}
		}, {
			"streams":	[{
					"socket":	5,
					"start":	9.000637,
					"end":	10.010608,
					"seconds":	1.009971022605896,
					"bytes":	2105671680,
					"bits_per_second":	16679066094.922297,
					"omitted":	false,
					"sender":	true
				}],
			"sum":	{
				"start":	9.000637,
				"end":	10.010608,
				"seconds":	1.009971022605896,
				"bytes":	2105671680,
				"bits_per_second":	16679066094.922297,
				"omitted":	false,
				"sender":	true
			}
		}],
	"end":	{
		"streams":	[{
				"sender":	{
					"socket":	5,
					"start":	0,
					"end":	10.010608,
					"seconds":	10.010608,
					"bytes":	19125764096,
					"bits_per_second":	15284397587.838821,
					"sender":	true
				},
				"receiver":	{
					"socket":	5,
					"start":	0,
					"end":	10.010743,
					"seconds":	10.010608,
					"bytes":	19120521216,
					"bits_per_second":	15280001667.009132,
					"sender":	true
				}
			}],
		"sum_sent":	{
			"start":	0,
			"end":	10.010608,
			"seconds":	10.010608,
			"bytes":	19125764096,
			"bits_per_second":	15284397587.838821,
			"sender":	true
		},
		"sum_received":	{
			"start":	0,
			"end":	10.010743,
			"seconds":	10.010743,
			"bytes":	19120521216,
			"bits_per_second":	15280001667.009132,
			"sender":	true
		},
		"cpu_utilization_percent":	{
			"host_total":	1.2378533147815058,
			"host_user":	0.30946332869537646,
			"host_system":	0.92838998608612933,
			"remote_total":	5.1544193102128331,
			"remote_user":	0.15982695535543667,
			"remote_system":	4.9945923548573958
		}
	}
}
