{
    "start": {
        "connected": [
            {
                "socket": 5,
                "local_host": "192.168.1.8",
                "local_port": 9572,
                "remote_host": "192.168.1.8",
                "remote_port": 5201
            }
        ],
        "version": "iperf 3.16+",
        "system_info": "CYGWIN_NT-10.0-22631 DESKTOP-60OKSFH 3.5.3-1.x86_64 2024-04-03 17:25 UTC x86_64",
        "timestamp": {
            "time": "Tue, 22 Oct 2024 20:29:18 GMT",
            "timesecs": 1729628958
        },
        "connecting_to": {
            "host": "192.168.1.8",
            "port": 5201
        },
        "cookie": "o4zixh3ou2ibqj3yfyyvqr5x3zt7bpxxh2fb",
        "tcp_mss_default": 65495,
        "target_bitrate": 0,
        "fq_rate": 0,
        "sock_bufsize": 0,
        "sndbuf_actual": 65536,
        "rcvbuf_actual": 65536,
        "test_start": {
            "protocol": "TCP",
            "num_streams": 1,
            "blksize": 131072,
            "omit": 0,
            "duration": 10,
            "bytes": 0,
            "blocks": 0,
            "reverse": 0,
            "tos": 0,
            "target_bitrate": 0,
            "bidir": 0,
            "fqrate": 0,
            "interval": 1
        }
    },
    "intervals": [
        {
            "streams": [
                {
                    "socket": 5,
                    "start": 0,
                    "end": 1.004751,
                    "seconds": 1.0047509670257568,
                    "bytes": 1755054080,
                    "bits_per_second": 13974042425.221247,
                    "omitted": false,
                    "sender": true
                }
            ],
            "sum": {
                "start": 0,
                "end": 1.004751,
                "seconds": 1.0047509670257568,
                "bytes": 1755054080,
                "bits_per_second": 13974042425.221247,
                "omitted": false,
                "sender": true
            }
        },
        {
            "streams": [
                {
                    "socket": 5,
                    "start": 1.004751,
                    "end": 2.001173,
                    "seconds": 0.996421992778778,
                    "bytes": 1551892480,
                    "bits_per_second": 12459720811.036297,
                    "omitted": false,
                    "sender": true
                }
            ],
            "sum": {
                "start": 1.004751,
                "end": 2.001173,
                "seconds": 0.996421992778778,
                "bytes": 1551892480,
                "bits_per_second": 12459720811.036297,
                "omitted": false,
                "sender": true
            }
        },
        {
            "streams": [
                {
                    "socket": 5,
                    "start": 2.001173,
                    "end": 3.0113,
                    "seconds": 1.0101269483566284,
                    "bytes": 1549795328,
                    "bits_per_second": 12274063813.633373,
                    "omitted": false,
                    "sender": true
                }
            ],
            "sum": {
                "start": 2.001173,
                "end": 3.0113,
                "seconds": 1.0101269483566284,
                "bytes": 1549795328,
                "bits_per_second": 12274063813.633373,
                "omitted": false,
                "sender": true
            }
        },
        {
            "streams": [
                {
                    "socket": 5,
                    "start": 3.0113,
                    "end": 4.00905,
                    "seconds": 0.9977499842643738,
                    "bytes": 1522532352,
                    "bits_per_second": 12207726392.4793,
                    "omitted": false,
                    "sender": true
                }
            ],
            "sum": {
                "start": 3.0113,
                "end": 4.00905,
                "seconds": 0.9977499842643738,
                "bytes": 1522532352,
                "bits_per_second": 12207726392.4793,
                "omitted": false,
                "sender": true
            }
        },
        {
            "streams": [
                {
                    "socket": 5,
                    "start": 4.00905,
                    "end": 5.004046,
                    "seconds": 0.9949960112571716,
                    "bytes": 1593835520,
                    "bits_per_second": 12814809321.586712,
                    "omitted": false,
                    "sender": true
                }
            ],
            "sum": {
                "start": 4.00905,
                "end": 5.004046,
                "seconds": 0.9949960112571716,
                "bytes": 1593835520,
                "bits_per_second": 12814809321.586712,
                "omitted": false,
                "sender": true
            }
        },
        {
            "streams": [
                {
                    "socket": 5,
                    "start": 5.004046,
                    "end": 6.000114,
                    "seconds": 0.996068000793457,
                    "bytes": 1583349760,
                    "bits_per_second": 12716800529.592121,
                    "omitted": false,
                    "sender": true
                }
            ],
            "sum": {
                "start": 5.004046,
                "end": 6.000114,
                "seconds": 0.996068000793457,
                "bytes": 1583349760,
                "bits_per_second": 12716800529.592121,
                "omitted": false,
                "sender": true
            }
        },
        {
            "streams": [
                {
                    "socket": 5,
                    "start": 6.000114,
                    "end": 7.010117,
                    "seconds": 1.0100029706954956,
                    "bytes": 1633681408,
                    "bits_per_second": 12940012696.200565,
                    "omitted": false,
                    "sender": true
                }
            ],
            "sum": {
                "start": 6.000114,
                "end": 7.010117,
                "seconds": 1.0100029706954956,
                "bytes": 1633681408,
                "bits_per_second": 12940012696.200565,
                "omitted": false,
                "sender": true
            }
        },
        {
            "streams": [
                {
                    "socket": 5,
                    "start": 7.010117,
                    "end": 8.006743,
                    "seconds": 0.9966260194778442,
                    "bytes": 1635778560,
                    "bits_per_second": 13130530634.606733,
                    "omitted": false,
                    "sender": true
                }
            ],
            "sum": {
                "start": 7.010117,
                "end": 8.006743,
                "seconds": 0.9966260194778442,
                "bytes": 1635778560,
                "bits_per_second": 13130530634.606733,
                "omitted": false,
                "sender": true
            }
        },
        {
            "streams": [
                {
                    "socket": 5,
                    "start": 8.006743,
                    "end": 9.014415,
                    "seconds": 1.0076719522476196,
                    "bytes": 1648361472,
                    "bits_per_second": 13086492827.935265,
                    "omitted": false,
                    "sender": true
                }
            ],
            "sum": {
                "start": 8.006743,
                "end": 9.014415,
                "seconds": 1.0076719522476196,
                "bytes": 1648361472,
                "bits_per_second": 13086492827.935265,
                "omitted": false,
                "sender": true
            }
        },
        {
            "streams": [
                {
                    "socket": 5,
                    "start": 9.014415,