{
    "start": {
        "connected": [
            {
                "socket": 5,
                "local_host": "192.168.1.8",
                "local_port": 17450,
                "remote_host": "192.168.1.8",
                "remote_port": 5201
            }
        ],
        "version": "iperf 3.16+",
        "system_info": "CYGWIN_NT-10.0-22631 DESKTOP-60OKSFH 3.5.3-1.x86_64 2024-04-03 17:25 UTC x86_64",
        "timestamp": {
            "time": "Tue, 22 Oct 2024 20:45:04 GMT",
            "timesecs": 1729629904
        },
        "connecting_to": {
            "host": "192.168.1.8",
            "port": 5201
        },
        "cookie": "f22fp3qbkea3mokvr7xzevxjlcpufri7sjbi",
        "tcp_mss_default": 65495,
        "target_bitrate": 0,
        "fq_rate": 0,
        "sock_bufsize": 0,
        "sndbuf_actual": 65536,
        "rcvbuf_actual": 65536,
        "test_start": {
            "protocol": "TCP",
            "num_streams": 1,
            "blksize": 131072,
            "omit": 0,
            "duration": 10,
            "bytes": 0,
            "blocks": 0,
            "reverse": 0,
            "tos": 0,
            "target_bitrate": 0,
            "bidir": 0,
            "fqrate": 0,
            "interval": 1
        }
    },
    "intervals": [
        {
            "streams": [
                {
                    "socket": 5,
                    "start": 0,
                    "end": 1.014567,
                    "seconds": 1.0145670175552368,
                    "bytes": 1583349760,
                    "bits_per_second": 12484929887.157871,
                    "omitted": false,
                    "sender": true
                }
            ],
            "sum": {
                "start": 0,
                "end": 1.014567,
                "seconds": 1.0145670175552368,
                "bytes": 1583349760,
                "bits_per_second": 12484929887.157871,
                "omitted": false,
                "sender": true
            }
        },
        {
            "streams": [
                {
                    "socket": 5,
                    "start": 1.014567,
                    "end": 2.006154,
                    "seconds": 0.991586983203888,
                    "bytes": 1552547840,
                    "bits_per_second": 12525762167.499277,
                    "omitted": false,
                    "sender": true
                }
            ],
            "sum": {
                "start": 1.014567,
                "end": 2.006154,
                "seconds": 0.991586983203888,
                "bytes": 1552547840,
                "bits_per_second": 12525762167.499277,
                "omitted": false,
                "sender": true
            }
        },
        {
            "streams": [
                {
                    "socket": 5,
                    "start": 2.006154,
                    "end": 3.001818,
                    "seconds": 0.9956640005111694,
                    "bytes": 1533018112,
                    "bits_per_second": 12317553802.993422,
                    "omitted": false,
                    "sender": true
                }
            ],
            "sum": {
                "start": 2.006154,
                "end": 3.001818,
                "seconds": 0.9956640005111694,
                "bytes": 1533018112,
                "bits_per_second": 12317553802.993422,
                "omitted": false,
                "sender": true
            }
        },
        {
            "streams": [
                {
                    "socket": 5,
                    "start": 3.001818,
                    "end": 4.012877,
                    "seconds": 1.011059045791626,
                    "bytes": 1543503872,
                    "bits_per_second": 12212967212.347027,
                    "omitted": false,
                    "sender": true
                }
            ],
            "sum": {
                "start": 3.001818,
                "end": 4.012877,
                "seconds": 1.011059045791626,
                "bytes": 1543503872,
                "bits_per_second": 12212967212.347027,
                "omitted": false,
                "sender": true
            }
        },
        {
            "streams": [
                {
                    "socket": 5,
                    "start": 4.012877,
                    "end": 5.011968,
                    "seconds": 0.9990910291671753,
                    "bytes": 1558970368,
                    "bits_per_second": 12483109726.64447,
                    "omitted": false,
                    "sender": true
                }
            ],
            "sum": {
                "start": 4.012877,
                "end": 5.011968,
                "seconds": 0.9990910291671753,
                "bytes": 1558970368,
                "bits_per_second": 12483109726.64447,
                "omitted": false,
                "sender": true
            }
        },
        {
            "streams": [
                {
                    "socket": 5,
                    "start": 5.011968,
                    "end": 6.007953,
                    "seconds": 0.995984971523285,
                    "bytes": 1507065856,
                    "bits_per_second": 12105129286.800823,
                    "omitted": false,
                    "sender": true
                }
            ],
            "sum": {
                "start": 5.011968,
                "end": 6.007953,
                "seconds": 0.995984971523285,
                "bytes": 1507065856,
                "bits_per_second": 12105129286.800823,
                "omitted": false,
                "sender": true
            }
        },
        {
            "streams": [
                {
                    "socket": 5,
                    "start": 6.007953,
                    "end": 7.007435,
                    "seconds": 0.999481976032257,
                    "bytes": 1475346432,
                    "bits_per_second": 11808888743.401491,
                    "omitted": false,
                    "sender": true
                }
            ],
            "sum": {
                "start": 6.007953,
                "end": 7.007435,
                "seconds": 0.999481976032257,
                "bytes": 1475346432,
                "bits_per_second": 11808888743.401491,
                "omitted": false,
                "sender": true
            }
        },
        {
            "streams": [
                {
                    "socket": 5,
                    "start": 7.007435,
                    "end": 8.004537,
                    "seconds": 0.9971020221710205,
                    "bytes": 1528823808,
                    "bits_per_second": 12266137458.401663,
                    "omitted": false,
                    "sender": true
                }
            ],
            "sum": {
                "start": 7.007435,
                "end": 8.004537,
                "seconds": 0.9971020221710205,
                "bytes": 1528823808,
                "bits_per_second": 12266137458.401663,
                "omitted": false,
                "sender": true
            }
        },
        {
            "streams": [
                {
                    "socket": 5,
                    "start": 8.004537,
                    "end": 9.015478,
                    "seconds": 1.0109410285949707,
                    "bytes": 1569193984,
                    "bits_per_second": 12417689575.273464,
                    "omitted": false,
                    "sender": true
                }
            ],
            "sum": {
                "start": 8.004537,
                "end": 9.015478,
                "seconds": 1.0109410285949707,
                "bytes": 1569193984,
                "bits_per_second": 12417689575.273464,
                "omitted": false,
                "sender": true
            }
        },
        {
            "streams": [
                {
                    "socket": 5,